,Rank,Title,Rating,Summary,Trailer,Year,Episodes,Main_Actor,Genres,Content_Rating,Tags,Users,Aired_Start,Aired_End
0,189,Thai Cave Rescue,8.7,The Limited Series is based on 2018’s world-famous event. Twelve boys from the same football team decided to spend an afternoon with their coach exploring the Tham Luang caves in northern Thailand. When heavy rainfall…,False,2022,6,Beam Papangkorn Lerkchaleampote ,  Drama  ,  G - All Ages ,"  Survival, Based On True Story, Rescue Mission, Brave Male Lead, Thai Mythology, Clever Male Lead, Co-produced, Biographical, Bilingual Supporting Character, Bilingual Female Lead   ",958,2022-09-22,2022-09-22
1,330,Project S: Skate Our Souls,8.6,"Boo, a student whose grades aren't promising, knows well that he falls short of his father's standards. Quietly, Boo has been suffering from depression for a long time. He doesn't eat or sleep well and has no friends,…",True,2017,8,James Teeradon Supapunpinyo ,"  Psychological,  Youth,  Drama,  Sports  ",  13+ - Teens 13 or older ,"  Skaters, Depression, Psychology, Self-harm, Friendship, Father-Son Relationship, Suicide, Doctor Female Lead, Skateboarding, High School   ",1692,2017-09-09,2017-09-09
2,349,Love Destiny,8.6,"This is a story where karma, merit, love destiny and a moon mantra combine to fling Kadesurang, a chubby archaeologist, into the body of another woman, Karakade, during the Ayutthaya era (300 years earlier). In the past,…",True,2018,15,Bella Ranee Campen ,"  Historical,  Comedy,  Romance,  Supernatural  ",  G - All Ages ,"  Sassy Female Lead, Time Travel, Transmigration, Soulmates, Fated Love, Eccentric Female Lead, Reincarnation, Strong Female Lead, Nice Male Lead, Hidden Identity   ",3080,2018-02-21,2018-02-21
3,382,The Gifted,8.6,"Ritdha Wittayakom High School has a ""Gifted Program."" The program offers special classes to a handful of ""special"" students chosen by the school administration. Incredibly, Pang, a tenth-year student from the lowest…",True,2018,13,Nanon Korapat Kirdpan ,"  Thriller,  Mystery,  Psychological,  Supernatural  ",  13+ - Teens 13 or older ,"  High School, Special Power, Multiple Mains, Adapted From A Novel, Corruption, Suspense, Hidden Talent, Teamwork, Friendship, Slight Romance   ",10248,2018-08-05,2018-08-05
4,391,Enigma,8.6,"There is something wrong with Fa's high school; strange events have been happening around her. In which way are they related to the new teacher, Ajin?

(Source: MyDramaList)",True,2023,4,Win Metawin Opas-iamkajorn ,"  Mystery,  Horror,  Youth,  Supernatural  ",  13+ - Teens 13 or older ,"  Teenager Female Lead, High School, Black Magic, Student Supporting Character, Student Female Lead, School Setting, Exorcist Male Lead, Teenager Supporting Character, Age Gap [Drama Life], Age Gap [Real Life]   ",2304,2023-07-15,2023-07-15
5,430,In Family We Trust,8.5,"This suspense drama revolves around the Jiraanans, a wealthy Thai-Chinese family that operates its own hotels in Bangkok and Pattaya. The drama follows the members of the family, which seem to enjoy a strong and unbreakable…",True,2018,18,Nappon Gomarachun ,"  Thriller,  Mystery,  Drama  ",  13+ - Teens 13 or older ,"  Huge Family, Lying, Murder, Bromance, Investigation, Suspense, Smart Male Lead, Jealous Female Lead, Family Conflict, Conflict   ",992,2018-09-14,2018-09-14
6,438,My School President,8.5,"Student body president Tinn has a secret crush on Gun, the head of the music club and lead singer of the middling band Chinzhilla. The son of the principal, Tinn is instructed to axe any clubs that don't boost their…",True,2022,12,Gemini Norawit Titicharoenrak ,"  Music,  Comedy,  Romance,  Youth  ",  13+ - Teens 13 or older ,"  Gay Romance, LGBTQ+, Healthy Mains’ Relationship, Club President Male Lead, Chasing A Dream, Secret Crush, Friendship, School Club, Band, Classmates' Relationship   ",16309,2022-12-02,2022-12-02
7,442,A Tale of Thousand Stars,8.5,"After a volunteer teacher Torfun dies in a tragic accident, her heart is transplanted into Tian. Tian learns about his donor’s life through a series of diary entries that reveal her secrets and interests. Included…",True,2021,10,Mix Sahaphap Wongratch ,"  Romance,  Drama  ",  13+ - Teens 13 or older ,"  Rural Life, Hardworking Male Lead, Heart Transplant, Character Development, Adapted From A Novel, LGBTQ+, Gay Romance, Strong Male Lead, Second Chance, Organ Transplantation   ",26353,2021-01-29,2021-01-29
8,452,Not Me,8.5,"Black and White are twins with a powerful connection. After their parents' separation, though, White’s father took him abroad, and their family effectively severed in two. It isn’t until fifteen years have passed…",True,2021,14,Gun Atthaphan Phunsawat ,"  Action,  Thriller,  Mystery,  Romance  ",  13+ - Teens 13 or older ,"  Social Commentary, Violence, Impersonation, LGBTQ+, Social Inequality, Hidden Identity, Gay Romance, Fight For Justice, Revenge, Political   ",25538,2021-12-12,2021-12-12
9,505,Girl From Nowhere,8.5,"A mysterious, clever girl named Nanno transfers to different schools, exposing the lies and misdeeds of the students and faculty at every turn.

(Source: Netflix)",True,2018,13,Kitty Chicha Amatayakul ,"  Mystery,  Psychological,  Drama,  Supernatural  ",  18+ Restricted (violence & profanity) ,"  Anthology, Death, High School, Calm Female Lead, Violence, Murder, Revenge, School Bullying, Rape, Suspense   ",16723,2018-08-08,2018-08-08
10,542,Bad Genius,8.5,What started from exam cheating in the classroom escalated to stealing a national test paper. These are not your everyday students. They're a reflection of the cheating that happens at every level in Thai society. Guaranteed…,True,2020,12,June Plearnpichaya Komalarajun ,"  Thriller,  Youth,  Drama  ",  15+ - Teens 15 or older ,"  Cheating, Poor Male Lead, Based On True Story, Slight Romance, Genius Female Lead, Genius Male Lead, Top Student, Strong Female Lead, Filmed Abroad, Theatre/Drama Club   ",1528,2020-08-03,2020-08-03
11,597,F4 Thailand: Boys Over Flowers,8.4,Gorya is a simple girl who works at a flower shop. She passes an exam and gets accepted into a prestigious and luxurious school attended by the wealthy. The school is ruled by an elite clique known as the F4 consisting…,True,2021,16,Tu Tontawan Tantivejakul ,"  Comedy,  Romance,  Youth,  Drama  ",  13+ - Teens 13 or older ,"  Strong Female Lead, Evil Parental Figure, Character Development, Enemies To Lovers, Adapted From A Manga, Friendship, Cyberbullying, Hardworking Female Lead, School Bullying, Rich Man/Poor Woman   ",15999,2021-12-18,2021-12-18
12,600,Happy Birthday,8.4,"Tonmai was born on the day that his sister died. His parents never celebrated his birthday and he had never received a birthday present. Then on his 17th birthday, his dad gave him his sister's room as a gift. In this…",True,2018,13,Push Puttichai Kasetsin ,"  Romance,  Drama,  Fantasy,  Supernatural  ",  G - All Ages ,"  Ghost-seeing Male Lead, Suicide, Family Relationship, Spirit Possession, Death, Ghost Female Lead, Brother-Sister Relationship, Flashback To Past, Hidden Past, Meet Again   ",1436,2018-10-07,2018-10-07
13,625,Kleun Cheewit,8.4,"Jeerawat is a hardworking woman, who is a famous model and actress. Her mother married a smarmy but rich man, who secretly lusts after her. After he attempts to drug Jeerawat, she manages to escape by driving away. Unfortunately,…",True,2017,15,Mark Prin Suparat ,"  Mystery,  Romance,  Drama,  Melodrama  ",  13+ - Teens 13 or older ,"  Strong Female Lead, Love/Hate Relationship, Misunderstanding, Revenge, Lack Of Communication, Sismance, Death, Entertainment Industry, Adapted From A Novel, Rich Female Lead   ",6807,2017-01-23,2017-01-23
14,632,Bad Buddy,8.4,"Ever since they were young, Pran and Pat's families had a deep and raging rivalry, trying to one-up each other on everything. This also extended to their sons. Comparing their sons' achievements and merits,—whether…",True,2021,12,Nanon Korapat Kirdpan ,"  Comedy,  Romance,  Youth  ",  13+ - Teens 13 or older ,"  Gay Romance, Rivals To Lovers, Rivalry, Rival Families, Secret Romance, Family Conflict, Adapted From A Novel, LGBTQ+, Enemies To Friends, University   ",33756,2021-10-29,2021-10-29
15,660,Project S: Side by Side,8.4,"Gym, an autistic teenager who was often bullied by his peers, decides to join the badminton team with his cousin Dong. However, Gym plays better than Dong, as Gym is able to control the dynamics of the game, leading…",True,2017,8,Tor Thanapob Leeratanakachorn ,"  Youth,  Sports,  Melodrama  ",  13+ - Teens 13 or older ,"  Badminton, Autism, Autistic Male Lead, Character Development, Sibling Rivalry, Mother-Son Relationship, Tearjerker, Bromance, Neurodevelopmental Disorder, Aunt-Nephew Relationship   ",1632,2017-07-15,2017-07-15
16,781,The Warp Effect,8.4,"Alex breaks the oath he made to his mother forbidding him from losing his virginity before turning eighteen, causing chaos he never could've anticipated. In 2011, seventeen-year-old Alex lacks self-confidence and his…",True,2022,12,New Thitipoom Techa-apaikhun ,"  Mystery,  Comedy,  Romance,  Supernatural  ",  13+ - Teens 13 or older ,"  Time Travel, Feminist Message, Sex Education, LGBTQ+, Sexual Content, Multiple Couples, Nonbinary Supporting Character, Friendship, Virgin Male Lead, Friends With Benefits   ",3862,2022-12-12,2022-12-12
17,797,Moonlight Chicken,8.4,"Jim is an ordinary guy running a Hainanese chicken rice diner. One night, he meets breezy Wen when he stays past closing drunk. Brought together by fate that night, intangible feelings arise. Neither can stop thinking…",True,2023,8,Earth Pirapat Watthanasetsiri ,"  Food,  Romance,  Life  ",  15+ - Teens 15 or older ,"  Gay Male Lead, Uncle-Nephew Relationship, Poor Male Lead, Sign Language, LGBTQ+, Restaurant Setting, One-night Stand, Gay Romance, Deaf Supporting Character, Age Gap [Drama Life]   ",12695,2023-02-08,2023-02-08
18,806,Full House,8.4,"Aom is a writer who got swindled out of her house during her trip to Korea. She finds out that her house was sold to Mike and in an attempt to get her possessions back, she enters a contract marriage with Mike for one…",True,2014,20,Aom Sushar Manaying ,"  Comedy,  Romance  ",  Not Yet Rated ,"  Cohabitation, Marriage Of Convenience, Contract Relationship, Naive Female Lead, Rich Man/Poor Woman, Filmed Abroad, Famous Lead/Common Lead, Clingy Male Lead, Famous Male Lead, Bickering Mains' Relationship   ",10447,2014-01-11,2014-01-11
19,858,P.S. I Hate You,8.3,"A secret tape of Phanthiwa is exposed at her wedding to Phureenat. Humiliated by the incident, she resolves to commit suicide. It was only her five-person friend group who knew Phantiwa's secret. Meena tries to find…",True,2022,18,Pearwah Nichaphat Chatchaipholrat ,"  Mystery,  Romance,  Drama  ",  13+ - Teens 13 or older ,"  Female Centered Plot, Betrayed By A Friend, Long Time Friends, Friends To Enemies, Female Rivalry, Infidelity, Adapted From A Novel, Sexual Assault, Sismance, Murder   ",1126,2022-08-01,2022-08-01
20,880,Daughters,8.3,"Five teenagers suffered neglect from their families. They were entangled in various problems such as rape, homophobia, prostitution, domestic abuse, and drug addiction. One day, all of them decided to flee their house…",True,2020,24,Kitty Chicha Amatayakul ,"  Life,  Youth,  Drama  ",  13+ - Teens 13 or older ,"  1990s, Found Family, Drug Usage, Dysfunctional Family, Rape, Homophobia, Prostitution, Domestic Abuse, Child Abuse, MDL Remake   ",415,2020-12-04,2020-12-04
21,916,Who Are You,8.3,"After enduring vicious bullying, an orphaned student, Mind, attempts to take her life in hopes of escaping her problems. Miraculously, she survives with memory loss and wakes up with a new life as she takes on the identity…",True,2020,18,Namtan Tipnaree Weerawatnodom ,"  Mystery,  Romance,  Youth,  Drama  ",  13+ - Teens 13 or older ,"  School Bullying, School Problems, Identity Swap, Strict Mother, Hidden Identity, Mother-Daughter Relationship, Suicide, Investigation, Mother-Son Relationship, Father-Son Relationship   ",1443,2020-05-02,2020-05-02
22,954,The Gifted Graduation,8.3,"Two years have passed and the new school year begins again. With it comes the resurrection of the Gifted program, and a hidden threat from the Ministry led by Darin, a new teacher. Time, a promising new student and member…",True,2020,13,Nanon Korapat Kirdpan ,"  Thriller,  Mystery,  Psychological,  Supernatural  ",  13+ - Teens 13 or older ,"  High School, Multiple Mains, Friendship, Sci-Fi, Rebellion, Slight Romance, Teamwork, Power Struggle, Generational Conflict, Rival Groups   ",5384,2020-09-06,2020-09-06
23,950,To the Moon and Back,8.3,"Doctor Purim, a famous neurosurgeon, is born into a rich and well-known family. His father is a famous professor of economics and his mother is a former famous actress. With his perfect family background, his father…",True,2023,21,Toey Jarinporn Joonkiat ,"  Romance,  Life  ",  G - All Ages ,"  Doctor Male Lead, Cheerful Female Lead, Healthy Mains’ Relationship, Supportive Parent, Nice Female Lead, LGBTQ+, Smart Male Lead, Abusive Parents, Transgender Character, Nice Male Lead   ",448,2023-06-06,2023-06-06
24,964,Hua Jai Sila,8.3,"Tor is the love child of a mistress and a wealthy hi-so man. After his mother dies from neglect, Tor is forced to live with his father’s family. Abused by his stepmother and stepbrother, he turns to the girl-next-door…",True,2019,27,Tor Thanapob Leeratanakachorn ,"  Romance,  Crime,  Drama,  Melodrama  ",  13+ - Teens 13 or older ,"  Hidden Identity, Double Identity, Revenge, Evil Stepmother, Steamy Kiss, First Love, Aggressive Male Lead, Forced Kiss, Slap And Kiss, Healing   ",6458,2019-03-04,2019-03-04
25,1002,Home School,8.3,"Home School is a boarding school in the middle of a remote forest. Every three years, the school selects new students who meet their criteria, each generation comprising no more than thirteen students. The students spend…",True,2023,18,Nappon Gomarachun ,"  Thriller,  Mystery,  Youth  ",  13+ - Teens 13 or older ,"  Student Female Lead, Student Male Lead, Teenager Female Lead, Teenager Male Lead, Boarding School, Multiple Mains, Autistic Male Lead, Suspense, High School, Student Supporting Character   ",2053,2023-06-09,2023-06-09
26,1017,Triage,8.3,"Third-year emergency medicine resident Tin has to cope with a deluge of different patients every day. Up until the eighteenth, that is. Tin's life is transformed when university student Tol's car is overturned and he's…",True,2022,13,Tae Darvid Kreepolrerk ,"  Thriller,  Romance,  Medical,  Fantasy  ",  13+ - Teens 13 or older ,"  Bisexual Male Lead, Time Loop, Doctor Male Lead, LGBTQ+, Gay Romance, Time Altering, Suspense, Doctor Supporting Character, Hospital Setting, Investigation   ",7939,2022-04-18,2022-04-18
27,1032,"To Sir, With Love",8.3,"The Five Dragon Guild is under the leadership of Jao Sua Song. He's skilled and in control in business, but things in the family have become chaotic. By his main wife Li, he has his eldest son Thian. He has a secondary…",True,2022,17,Film Thanapat Kawila ,"  Historical,  Mystery,  Romance,  Drama  ",  13+ - Teens 13 or older ,"  Half-brothers' Relationship, Graphic Violence, Servant Supporting Character, Heir Male Lead, Gay Male Lead, Supportive Brother, Closeted, Controlling Parent, Attempted Murder, Secret   ",2252,2022-10-03,2022-10-03
28,1047,My Secret Bride,8.3,"Suam is a mischievous girl who grew up in the slums. She develops a crush on Danurut, a good cop, the first time she meets him due to his good looks and kindness. They met previously at the police station when Danurut…",True,2019,18,Great Warintorn Panhakarn ,"  Action,  Comedy,  Romance,  Crime  ",  Not Yet Rated ,"  Fake Marriage, Contract Relationship, Rich Man/Poor Woman, Sassy Female Lead, Poor Female Lead, Ghost-seeing Female Lead, Marriage Of Convenience, Tragic Past, Multiple Couples, Abusive Father   ",2281,2019-11-08,2019-11-08
29,1070,The Eclipse,8.3,"The country's leading all-boys school, Suppalo, is strictly governed. Rumour has it that a curse will punish students who act out, a curse that grows stronger as the solar eclipse nears. But where there are rules, there…",True,2022,12,First Kanaphan Puitrakul ,"  Mystery,  Romance,  Youth  ",  13+ - Teens 13 or older ,"  Gay Male Lead, Gay Romance, Enemies To Lovers, Gay Supporting Character, All-Boys School, LGBTQ+, Male Centered Plot, High School, Investigation, Homophobia   ",19205,2022-08-12,2022-08-12
30,1117,Manner of Death,8.3,"Dr. Bunnakit is a medical examiner based at a provincial hospital. One day, after carrying out an autopsy on the body of a woman who had seemingly hanged herself, Dr. Bunnakit rules out suicide as his findings point…",True,2020,14,Max Nattapol Diloknawarit ,"  Thriller,  Mystery,  Romance  ",  18+ Restricted (violence & profanity) ,"  Strong Male Lead, Investigation, Gay Romance, LGBTQ+, Death, Murder, Sexual Abuse, Adapted From A Novel, Steamy Kiss, Doctor Male Lead   ",20374,2020-11-30,2020-11-30
31,1252,Until We Meet Again,8.2,"Thirty years ago, Korn and Intouch were university students in Bangkok. Intouch entered Korn's life despite knowing that he was the son of one of the most influential crime bosses in Bangkok. At first, Korn pushed Intouch…",True,2019,17,Fluke Natouch Siripongthon ,"  Food,  Romance,  Youth,  Drama  ",  15+ - Teens 15 or older ,"  Fated Love, Reincarnated Lovers, Soulmates, Adapted From A Novel, Reincarnation, LGBTQ+, Friendship, Cooking, University, Crybaby Male Lead   ",32896,2019-11-09,2019-11-09
32,1256,My Forever Sunshine,8.2,"The story about Paeng, a girl with a tragic life. After losing her father, she has to go live at Artit's house. The only way for her to be able to stay at this house is to be with him. But no one expected that her approaching…",True,2020,19,Mark Prin Suparat ,"  Mystery,  Comedy,  Romance,  Drama  ",  15+ - Teens 15 or older ,"  Female Chases Male First, Countryside Male Lead, Clingy Female Lead, Mean Male Lead, Possessive Male Lead, Character Development, Childhood Trauma, Love/Hate Relationship, Enemies To Lovers, Jealous Male Lead   ",3049,2020-11-19,2020-11-19
33,1284,Love Mechanics: Director's Cut,8.2,"When a junior woos Vee's friend, Vee, swearing to love only one in life, has to cut ties with Mark. But God plays a joke on them and something happened between Vee and Mark. Mark chooses to tuck away and draws an end…",False,2022,3,Yin Anan Wong ,"  Romance,  Youth,  Drama  ",  18+ Restricted (violence & profanity) ,"  Student Supporting Character, Student Male Lead, School Setting, Young Adult Male Lead, Gay Male Lead, Gay Romance, Dubious Consent, University, LGBTQ+, Miniseries   ",910,2022-07-08,2022-07-08
34,1297,Midnight Museum,8.2,"Dome, a barista at a café on the verge of closure, receives an unexpected job offer. The offer comes from a café regular, Khatha, who orders coffee he never drinks. The job is at an odd museum open only after sunset.…",True,2023,10,Tor Thanapob Leeratanakachorn ,"  Mystery,  Horror,  Fantasy,  Supernatural  ",  13+ - Teens 13 or older ,"  Curse, Black Magic, Bromance, Violence, Museum Curator Male Lead, Dark Fantasy, Ghost, Investigation, Barista Male Lead, Supernatural Being   ",2983,2023-03-06,2023-03-06
35,1331,I Told Sunset About You,8.2,"Teh and Oh-aew were best friends until a boyhood line of reasoning turned them into rivals. Years later as they're preparing for university admissions, both pursuing interests in the field of Communication Arts, the…",True,2020,5,Billkin Putthipong Assaratanakul ,"  Romance,  Youth,  Drama  ",  15+ - Teens 15 or older ,"  Jealous Male Lead, Friends To Lovers, Jealousy, LGBTQ+, Hardworking Male Lead, Heartbreak, Meet Again, Coming Of Age, Gay Romance, Coming Out   ",23599,2020-10-22,2020-10-22
36,1334,Suparburoot Jorm Jon: Maturot Lohgan,8.2,"To prove himself to his father so he can lead the next pillage and fulfil his plans, Seua Pha, a bandit had to embark on one of his father's daily robberies. The quest was to steal the most valuable possession from Khun…",True,2019,16,Michael Pattaradet Sa-nguankwamdee ,"  Action,  Romance,  Crime,  Supernatural  ",  Not Yet Rated ,"  Kidnapping, Stockholm Syndrome, Older Man/Younger Woman, Gun Violence, Magical Power, Badass Male Lead, Smart Female Lead, Sassy Female Lead, Vengeance, Love At First Sight   ",944,2019-09-27,2019-09-27
37,1338,Kiss Me,8.2,"Taliw, a cute, lively and clumsy girl, has had a crush on popular genius Tenten, who is a new student with an IQ of 200. Tenten just returned from Japan with his family. How will Taliw deal with her feelings towards…",True,2015,20,Aom Sushar Manaying ,"  Comedy,  Romance,  Drama  ",  13+ - Teens 13 or older ,"  Student Female Lead, Student Male Lead, School Setting, Childhood Friends' Relationship, University, Family Relationship, High School, Cold Man/Warm Woman, Female Chases Male First, Student Supporting Character   ",7447,2015-10-05,2015-10-05
38,1375,He's Coming to Me,8.2,"On his birthday, Med, the kind-hearted heir of a rich family, dies mysteriously and becomes a ghost. For twenty years, he waits in the graveyard for someone to visit so that he is able to reincarnate. However, his plan…",True,2019,8,Singto Prachaya Ruangroj ,"  Mystery,  Comedy,  Romance,  Supernatural  ",  15+ - Teens 15 or older ,"  Ghost-seeing Male Lead, Nice Male Lead, Tragic Past, Adapted From A Novel, Gay Male Lead, Investigation, LGBTQ+, Interspecies Romance, Ghost Male Lead, Gay Romance   ",13768,2019-02-28,2019-02-28
39,1400,"I'm Tee, Me Too",8.2,"Six guys—each named Tee and each with his own idiosyncrasies—find themselves residing under one roof, every day learning not just about one another, but themselves as well. 

(Source: Soju on MyDramaList)",True,2020,8,Krist Perawat Sangpotirat ,"  Comedy,  Youth,  Drama,  Sitcom  ",  13+ - Teens 13 or older ,"  Different Personalities, Phobia, Bromance, Grief, Multiple Mains, Friendship, Housemates' Relationship, Miniseries, Childhood Trauma, Father-Son Relationship   ",6419,2020-09-18,2020-09-18
40,1463,Love Mechanics,8.2,"When a junior woos Vee's friend, Bar, swearing to love only one in life, Bar has to cut ties with Mark. But God plays a joke on them and something happened between Vee and Mark. Mark chooses to tuck away and draws an…",True,2022,10,Yin Anan Wong ,"  Romance,  Youth,  Drama  ",  18+ Restricted (violence & profanity) ,"  Infidelity, Gay Romance, Dubious Consent, Gay Male Lead, University, LGBTQ+, Enemies To Lovers, Trust Issues, Poor Man/Rich Man, Adapted From A Novel   ",13316,2022-06-18,2022-06-18
41,1572,Game Sanaeha,8.1,"Within two years so much happened: Muanchanok studied abroad, her parents got divorced, and her father is getting remarried to a much younger former beauty queen. This broken family transformed Nok into a jealous, ill-tempered…",True,2018,14,James Jirayu Tangsrisuk ,"  Romance,  Drama  ",  15+ - Teens 15 or older ,"  Rich Female Lead, Spoiled Female Lead, Nice Male Lead, Love/Hate Relationship, Male Chases Female First, Misunderstanding, Marriage, Jealousy, Slap And Kiss, Rich Woman/Poor Man   ",2561,2018-06-25,2018-06-25
42,1592,The Comments,8.1,"Papang, student president and outstanding all-around student and perfect in every way, kills herself in the middle of her live stream. She is copying Gina, her favourite actress, the second female idol to be cyberbullied…",True,2021,5,Aye Sarunchana Apisamaimongkol ,"  Mystery,  Youth,  Drama  ",  13+ - Teens 13 or older ,"  Investigation, Friendship, Social Media, Revenge, Entertainment Industry, Cyberbullying, Miniseries, School Bullying, Suicide, Tearjerker   ",596,2021-05-23,2021-05-23
43,1599,Love in the Air,8.1,"When clouds in the sky and falling rain tease the two close friends in trouble, Rain and Sky, it takes them to meet Payu and Prapai, who are not only cunning saviours but also guys making storms in the two best friends'…",True,2022,13,Boss Chaikamon Sermsongwittaya ,"  Comedy,  Romance,  Life,  Drama  ",  18+ Restricted (violence & profanity) ,"  Gay Romance, Auto Mechanic Male Lead, Bisexual Male Lead, Sexual Content, Love/Hate Relationship, Naive Male Lead, University, Playboy Male Lead, Motorcycle Racing, Architect Male Lead   ",24204,2022-08-18,2022-08-18
44,1604,Let's Fight Ghost,8.1,A cohabitation comedy about a ghost of a high school girl who has been dead for 5 years and an exorcist college boy with the ability to see and hear ghosts. What he’s discovered over the years is that he can touch…,True,2021,16,Saint Suppapong Udomkaewkanjana ,"  Horror,  Comedy,  Romance,  Supernatural  ",  15+ - Teens 15 or older ,"  Ghost-seeing Male Lead, Strong Female Lead, Ghost, Amnesia, Adapted From A Webtoon, Skilled Fighter, Strong Male Lead, Interspecies Romance, Nice Male Lead, Hardworking Male Lead   ",1415,2021-03-03,2021-03-03
45,1617,I Promised You the Moon,8.1,"Teh and Oh-aew, now in a blissful relationship for over a year, bid farewell to Phuket and head to Bangkok for their university lives. This time, however, as days pass Teh begins to feel differently towards Oh-aew as…",True,2021,5,Billkin Putthipong Assaratanakul ,"  Romance,  Life,  Youth,  Drama  ",  15+ - Teens 15 or older ,"  Coming Of Age, University, LGBTQ+, Performing Arts, Gay Relationship, Tearjerker, College To Working Life, Bisexual Male Lead, Steamy Kiss, Time Skip   ",11966,2021-05-27,2021-05-27
46,1632,The Crown Princess,8.1,"The main heroine - a princess of a small country,  comes into danger after her coronation. To protect her they send her to Thailand, where the main hero - a navy man- becomes her bodyguard.",True,2018,12,Yaya Urassaya Sperbund ,"  Action,  Military,  Romance,  Drama  ",  G - All Ages ,"  Badass Female Lead, Princess Female Lead, Tough Female Lead, Badass Male Lead, Noble Woman/Common Man, Royalty, Sibling Rivalry, Calm Male Lead, Strong Female Lead, Nice Male Lead   ",2764,2018-05-14,2018-05-14
47,1712,My Only 12%,8.1,Cake and Seeiw have been friends as far as they can remember. Cake is very outgoing and has a lot of friends while Seeiw is very shy and barely speaks to people he's not used to being around. Despite their different…,True,2022,14,Earth Katsamonnat Namwirote ,"  Romance,  Life,  Youth  ",  13+ - Teens 13 or older ,"  Childhood Friends' Relationship, LGBTQ+, Coming Of Age, Slow Burn Romance, Teenager Male Lead, Friendship, Adapted From A Novel, Gay Male Lead, Teenager Supporting Character, Age Gap [Real Life]   ",7886,2022-08-12,2022-08-12
48,1756,KinnPorsche,8.1,"The second son of a Mafia boss, Kinn Theerapanyakul, is fleeing from an enemy when he meets Porsche, an enterprising young bartender. Porsche agrees to help defend Kinn from his attackers for a price. Porsche's martial…",True,2022,14,Mile Phakphum Romsaithong ,"  Action,  Romance,  Crime,  Drama  ",  18+ Restricted (violence & profanity) ,"  Gay Romance, Mafia, LGBTQ+, Violence, Sexual Content, Adapted From A Novel, Multiple Couples, Rivalry, Bodyguard Male Lead, Gang Leader Male Lead   ",33704,2022-04-02,2022-04-02
49,1785,Be My Favorite,8.1,Botkawi has forever been in love with Pearmai. His life is forever changed when a musical crystal ball he bought as an important gift for Pearmai transports him back in time to the age of eighteen. Everything turns upside-down.…,True,2023,12,Krist Perawat Sangpotirat ,"  Romance,  Life,  Supernatural  ",  13+ - Teens 13 or older ,"  LGBTQ+, Gay Romance, Time Travel, Adapted From A Novel, Poor Man/Rich Man, Bisexual Male Lead, Love Triangle, Gay Male Lead, Insecure Male Lead, Time Altering   ",5751,2023-05-26,2023-05-26
50,1770,Mama Gogo,8.1,"Former 90’s singer Annie inherits from an uncle an old, once popular host bar called Papa Go Go. With renovations underway, Annie must now hire her all-star lineup of handsome, talented, and charming male hosts. With…",True,2022,12,Cris Horwang️️️️️️ ,"  Business,  Comedy,  Romance,  Drama  ",  Not Yet Rated ,"  Mother-Daughter Relationship, Stripper Supporting Character, Bar Owner Female Lead, Hardworking Female Lead, Rivalry, Older Woman/Younger Man, Enemies To Lovers, Friendship, Money-Obsession, Debt   ",1543,2022-06-12,2022-06-12
51,1842,Lovely Writer,8.1,"Gene is a professional writer whose publisher suggests he try his hand at a new genre—Y. The resulting novel is a huge commercial success. So successful, in fact, that it's being adapted for TV. When the series begins…",True,2021,12,Up Poompat Iam-samang ,"  Comedy,  Romance,  Drama  ",  15+ - Teens 15 or older ,"  Entertainment Industry, Social Media, Cohabitation, Nice Male Lead, LGBTQ+, Adapted From A Novel, Fan Culture, Hidden Agenda, Calm Male Lead, Friends To Lovers   ",20949,2021-02-24,2021-02-24
52,1868,Likit Haeng Jan,8.1,"On the night of a full moon, two people from two different worlds that look alike switch places. From the past is Duangkaew, a conservative and quiet girl, whereas from the present is Opal, a girl who is tomboyish and…",True,2019,14,Namtarn Pichukkana Wongsarattanasin ,"  Historical,  Comedy,  Romance,  Supernatural  ",  Not Yet Rated ,"  Doppelganger, Time Travel, Strong Female Lead, Adapted From A Novel, Secondary Couple, Past And Present, Different Timelines, Identity Swap, Tomboy Female Lead, Doctor Male Lead   ",695,2019-08-30,2019-08-30
53,1874,Girl From Nowhere Season 2,8.1,"A mysterious, clever girl named Nanno transfers to different schools, exposing the lies and misdeeds of the students and faculty at every turn.

(Source: Netflix)",True,2021,8,Kitty Chicha Amatayakul ,"  Mystery,  Horror,  Psychological,  Drama  ",  18+ Restricted (violence & profanity) ,"  Gore, Revenge, Anthology, Strong Female Lead, Murder, High School, Suspense, Antiheroine Female Lead, Blood, Investigation   ",9523,2021-05-07,2021-05-07
54,1878,Project S: SPIKE,8.1,"Theppanya High School has an underdog volleyball team that reached the final round of Thailand's biggest competition last year, but eventually lost to old champion St. Sebastian High. From the disappointment, the team…",True,2017,8,Oab Oabnithi Wiwattanawarang ,"  Youth,  Sports,  Melodrama  ",  Not Yet Rated ,"  Teamwork, Volleyball, Rivalry, Bromance, Character Development, Enemies To Friends, Father-Son Relationship, High School, Unrequited Love, Friends To Enemies   ",1630,2017-05-20,2017-05-20
55,1880,A Gift to the People You Hate,8.1,"The shop of a certain person wearing a mask sells gifts for people that you hate. There are four levels of gifts; making the receiver ashamed, scaring the receiver, hurting the receiver, and making the receiver die.…",True,2019,10,Toni Rakkaen ,"  Thriller,  Mystery,  Horror,  Drama  ",  15+ - Teens 15 or older ,"  Multiple Mains, Morality, Revenge, Adapted From A Comic, Hatred, Investigation, Suspense, Murder, Father-Daughter Relationship, Brother-Sister Relationship   ",1089,2019-10-18,2019-10-18
56,1886,Khun Mae Suam Roy,8.1,"Sina, a professional stunt woman, returns from America to find her identical twin sister, Siriya, a mother of a child from her already-married lover Pipop and disabled from her waist below after a mysterious shooting…",True,2018,31,Bua Nalinthip Sakulongumpai ,"  Mystery,  Comedy,  Romance,  Drama  ",  13+ - Teens 13 or older ,"  Strong Female Lead, Badass Female Lead, Cohabitation, Investigation, Hidden Identity, Impersonation, Fake Marriage, Death, Male Chases Female First, Nice Male Lead   ",1769,2018-02-15,2018-02-15
57,1900,Padiwaradda,8.1,"To show gratitude to her adoptive father, Rin Rapee accepts to disguise herself as his real daughter and marry Saran, to keep the promise their fathers had made in the past. Saran is a cold-hearted guy who suffers from…",True,2016,14,James Jirayu Tangsrisuk ,"  Action,  Historical,  Romance,  Drama  ",  G - All Ages ,"  Arranged Marriage, Ex-girlfriend Comes Back, Slow Burn Romance, Poor Male Lead, Supportive Mother-in-Law, Arranged Relationship, Love Triangle, Hidden Identity, Birth Secret, Calm Female Lead   ",2010,2016-01-13,2016-01-13
58,1953,The Love Proposal,8.0,"Treenut got to know Time because of an accident that happened to Treenut’s student. This impressed Time and he came to see her more often. However, Time was afraid to tell Treenut that he loved her because he still…",True,2022,15,Fern Nopjira Lerkkajornnamkul ,"  Romance,  Drama,  Family  ",  13+ - Teens 13 or older ,"  Heir Male Lead, Marriage Of Convenience, Family Secret, Evil Ex-boyfriend, Family Conflict, LGBTQ+, Love Triangle   ",953,2022-03-23,2022-03-23
59,1945,Leh Nangfah,8.0,"Teepob and Lallalit ""Beauty"" grew up together but he hates her. So when she comes to him for help to regain power over her family's company, he pranks her by sending her to do the lowest jobs. Lallalit is a spoiled,…",True,2014,28,Vill Wannarot Sonthichai ,"  Comedy,  Romance,  Fantasy  ",  Not Yet Rated ,"  Transformation, Rich Female Lead, Spoiled Female Lead, Airhead Female Lead, Rich Male Lead, Orphan Female Lead, Curse, Childhood Friends' Relationship, Nice Male Lead, Revenge   ",1189,2014-04-07,2014-04-07
60,1996,Bad Romeo,8.0,"Privileged Saikim meets poor garage owner Kaokla. The two get to know one another and then don't meet again for another seven years. However, Kaokla is now Carl Raman, the adopted son and business heir of millionaire…",False,2022,17,Yaya Urassaya Sperbund ,"  Romance,  Drama,  Melodrama  ",  G - All Ages ,"  Auto Mechanic Male Lead, Heiress Female Lead, Cunning Protagonist, Manipulative Supporting Character, Crybaby Female Lead, Disapproving Parent, Lovers Separated, Time Skip, Forbidden Love, Poor Male Lead   ",1299,2022-07-20,2022-07-20
61,2041,Nueng Dao Fah Diew,8.0,"During the reign of King Ekkathat in the Ayutthaya Kingdom, Mang Mao was the daughter of Ming, a rich man who was the owner of a paper factory. Mang Mao was also famous in her own right for being mischievous considering…",True,2018,17,Taew Natapohn Tameeruks ,"  Action,  Historical,  Romance,  Political  ",  G - All Ages ,"  Palace Setting, Ayutthaya Period, Historical Fiction, Spoiled Female Lead, Strong Male Lead, Eunuch, Smart Female Lead, Power Struggle, Hidden Identity, Calm Male Lead   ",478,2018-04-25,2018-04-25
62,2048,Thong EK: The Herbal Master,8.0,A romantic comedy set during the reign of Rama 5 (Chulalongkorn). Thong In is an experienced doctor who has treated many people. He has a grandson named Thong Ake who wants to become a traditional doctor. He also studies…,True,2019,14,Mario Maurer ,"  Historical,  Comedy,  Romance,  Medical  ",  Not Yet Rated ,"  Love Triangle, King Rama V, Rattanakosin Kingdom, Historical Fiction, Secondary Couple, Sassy Female Lead, Smart Male Lead, Death, Black Magic, Male Chases Female First   ",617,2019-01-31,2019-01-31
63,2067,Blacklist,8.0,"Akeanan is an outstanding school in all aspects: education, sports… and secrets. Traffic comes to Akeanan to look for his sister Fah, who disappeared months prior and with neither the police nor the school finding…",True,2019,12,Nanon Korapat Kirdpan ,"  Mystery,  Youth,  Drama  ",  15+ - Teens 15 or older ,"  Secret Organization, Multiple Mains, High School, Investigation, Bromance, Adapted From A Novel, Male Centered Plot, Brother-Sister Relationship, Smart Male Lead, Hidden Identity   ",3376,2019-10-13,2019-10-13
64,2103,Remember You,8.0,"A genius detective teams up with a colleague to investigate a case that hits close to home, but the duo becomes entangled in a cat-and-mouse game.

(Source: Netflix)",True,2021,16,Petch Paopetch Charoensook ,"  Action,  Thriller,  Mystery,  Drama  ",  15+ - Teens 15 or older ,"  Death, Tragic Past, Murder, Investigation, Suspense, Multiple Timelines, Cold Male Lead, Dissociative Amnesia, Long Lost Sibling, Childhood Acquaintance   ",695,2021-08-16,2021-08-16
65,2158,Sleepless Society: Insomnia,8.0,"Aya is a young female model that has always had a recurring dream: She always dreams of seeing her mother kill someone in a house, which is located on the island she used to live in when she was a child. These dreams…",True,2019,13,Aokbab Chutimon Chuengcharoensukying ,"  Thriller,  Mystery,  Psychological,  Drama  ",  Not Yet Rated ,"  Sexual Assault, Insomnia, Rape, Murder, Gaslighting, Strong Female Lead, Sismance, Investigation, Suspense, Death   ",410,2019-11-06,2019-11-06
66,2171,Rivalry,8.0,"A story of the battle between two families in the business world, which started from the parent's generation and transcends into the younger generation. And perhaps... this is where it will end? (Source: Thaidramatic_update;…",False,2022,20,Alek Teeradetch Metawarayut ,"  Business,  Romance,  Drama,  Family  ",  Not Yet Rated ,"  Rival Families, Smart Female Lead, Rivals To Lovers, Multiple Mains, Smart Male Lead, Ex-girlfriend Comes Back, Love Square, Strong Female Lead   ",599,2022-01-26,2022-01-26
67,2179,SOTUS,8.0,"The ""Gear"" is one of the engineering mechanical devices in the cogwheel system (as in a clock). Having one signifies that one is a student of the Faculty of Engineering. However, to get one, all engineering freshmen…",True,2016,15,Krist Perawat Sangpotirat ,"  Comedy,  Romance,  Youth,  Drama  ",  15+ - Teens 15 or older ,"  LGBTQ+, Hazing, Adapted From A Novel, Gay Romance, Enemies To Lovers, Multiple Couples, Bisexual Male Lead, Cold Man/Warm Man, Cold Male Lead, Aggressive Male Lead   ",28171,2016-08-20,2016-08-20
68,2182,"Hak Lai, My Lady",8.0,"After stealing the key to her mother’s safe box, Lalin heads out to find her biological father, but gets attacked along the way. Here she meets Pi, the owner of Huen Hak Phaeng Farm, whom she had an issue with prior.…",True,2023,17,Euro Yotsawat Tawapee ,"  Mystery,  Romance,  Drama  ",  13+ - Teens 13 or older ,"  Searching For Biological Father, Farmer Male Lead, Spoiled Female Lead, Enemies To Lovers, Investigation   ",363,2023-01-15,2023-01-15
69,2199,Occupied Heart,8.0,"On her way to sign a business contract, Rattawan was kidnapped along with her son by two men who took her to an island and tried to rape and kill her. However, she was saved by the owner of the island, Naboon. Both did…",True,2018,16,Weir Sukollawat Kanarot ,"  Action,  Romance,  Drama  ",  18+ Restricted (violence & profanity) ,"  Attempted Murder, Strong Male Lead, Failing Marriage, Nice Female Lead, Skinship, Nice Male Lead, Ex-wife Comes Back, Slow Burn Story, Secondary Couple, Smart Female Lead   ",600,2018-04-28,2018-04-28
70,2254,Ra Raerng Fai,8.0,"Yada's father frames Chakrit's father for murder and has him arrested. Years later, Chakrit wants revenge on Yada's family. He starts by seducing Yada's sister, then abandoning her on their wedding day, embarrassing…",True,2017,14,Ken Theeradeth Wongpuapan ,"  Romance,  Drama  ",  15+ - Teens 15 or older ,"  Revenge, Slap And Kiss, Fake Kisses, Enemies To Lovers, Forced Marriage, Strong Female Lead, Mafia, Controlling  Male Lead, Aggressive Male Lead, Adapted From A Novel   ",1000,2017-12-04,2017-12-04
71,2258,U-Prince: The Crazy Artist,8.0,"Mel B is dumped by her boyfriend Theo. The same day, she meets Hippy, a rock band's singer. He wants her Beatles t-shirt but as an exchange for it, he must pretend to be her boyfriend for five days.",True,2017,4,Kun Kunchanuj Kengkarnka ,"  Music,  Comedy,  Romance,  Youth  ",  G - All Ages ,"  Opposites Attract, Nice Male Lead, Contract Relationship, Character Development, Singing, Male Chases Female First, Rock'N'Roll, Web Series, Heartbreak, Adapted From A Novel   ",1835,2017-04-09,2017-04-09
72,2284,Never Let Me Go,8.0,Nuengdiao is the heir to a prestigious family. His status has forced him to grow up isolated with no room for imperfection. Then his father is shot to death right in front of him. Now he and his mother's lives are in…,True,2022,12,Pond Naravit Lertratkosum ,"  Action,  Romance,  Youth  ",  13+ - Teens 13 or older ,"  School Setting, LGBTQ+, High School, Bodyguard Male Lead, Poor Man/Rich Man, Death Of A Father, Student Male Lead, Gay Romance, Friendship, Bilingual Male Lead   ",11995,2022-12-13,2022-12-13
73,2280,Laws of Attraction,8.0,"Charn is a clever and ruthless lawyer inclined to accept high-paying and high-profile cases that will bring him renown. On one occasion, he's taken off a case as it's gaining widespread interest. Having lost face and…",False,2023,8,Film Thanapat Kawila ,"  Law,  Romance,  Drama  ",  G - All Ages ,"  Martial Artist Male Lead, Morally Ambiguous Male Lead, Lawyer Male Lead, Gore, Money-Hungry Male Lead, Flirty Male Lead, Enemies To Lovers, Supportive Grandmother, Dropout Male Lead, Nightclub Owner Supporting Character   ",1289,2023-07-15,2023-07-15
74,2327,Vice Versa,8.0,"Talay wakes up in the body of a man named Tess and reencounters Puen, a famous actor who is now in the body of Tun following an accident. The two have Phuwadol, a nurse who helps people from the same universe they left…",True,2022,12,Sea Tawinan Anukoolprasert ,"  Romance,  Youth,  Drama,  Fantasy  ",  13+ - Teens 13 or older ,"  Body Swap, Alternate Universe, Hidden Identity, LGBTQ+, Adapted From A Novel, Friends To Lovers, Transmigration, Gay Male Lead, Gay Romance, Friendship   ",12478,2022-07-16,2022-07-16
75,2305,Good Old Days,8.0,"In an antique shop, the value of each item is the story behind them. People who sell their belongings here can reminisce on their lives, and buyers see their value hidden within. Six stories about memories, love, dreams…",True,2022,12,Lee Thanat Lowkhunsombat ,"  Romance,  Life,  Drama,  Melodrama  ",  13+ - Teens 13 or older ,"  Anthology, Multiple Mains, Chasing A Dream, Regret, Flashback To Past, Antiques, Adapted From A Comic, Multiple Couples, Return To Hometown, Gay Male Lead   ",412,2022-08-10,2022-08-10
76,2358,SOTUS S,8.0,"Fast forward 2 years later, Kongpob is now the head hazer in his faculty, while Arthit works at the Ocean Electric Company. During Kongpob's final year, he needs to find an internship company, and requests to work alongside…",True,2017,13,Singto Prachaya Ruangroj ,"  Romance,  Youth,  Drama  ",  15+ - Teens 15 or older ,"  LGBTQ+, Multiple Couples, Intern Male Lead, Gay Romance, Cold Male Lead, Aggressive Male Lead, Nice Male Lead, Student Male Lead, University, Hazing   ",18360,2017-12-09,2017-12-09
77,2384,Khaen Rak Salap Chata,7.9,"Wat is a famous celebrity who is dating a famous model named Ginney. Tet is a famous pilot who is in a relationship with a doctor named Kulanji. But one day, the body of Wat and Tet have switched. As Tet and Wat have…",True,2021,16,Alek Teeradetch Metawarayut ,"  Mystery,  Romance,  Supernatural  ",  15+ - Teens 15 or older ,"  Body Swap, Hidden Identity, Selfish Male Lead, Nice Female Lead, Nice Male Lead, Strong Male Lead, Multiple Couples, Attempted Murder, Love Square, Strong Female Lead   ",609,2021-06-12,2021-06-12
78,2394,Sapai Import,7.9,"Lisa is a rich, spoiled girl who returned from her studies in England to find her parents were in debt. She had to work to repay that debt. And Don's mother helped her. Don is the grandson of a very famous farm owner.…",True,2020,17,Mik Thongraya ,"  Action,  Comedy,  Romance,  Drama  ",  Not Yet Rated ,"  Forced Marriage, Rich Male Lead, Badass Female Lead, Mother-Son Relationship, Nice Male Lead, Cohabitation, Bickering Mains' Relationship, Farm Setting, Married Life, Sisters' Relationship   ",1337,2020-01-28,2020-01-28
79,2410,46 Days,7.9,"This series tells the story of Ying Ying, an unpopular net idol who is about to go down on her luck after being caught as a liar by her fans in a video clip. Apart from helping herself to survive, she also needs to help…",True,2021,18,Baifern Pimchanok Luevisadpaibul ,"  Comedy,  Romance  ",  G - All Ages ,"  Sismance, Female Rivalry, Nice Male Lead, First Love, Female Chases Male First, Sassy Female Lead, Multiple Couples, Doctor Male Lead, Cheerful Female Lead, Childhood Acquaintance   ",1300,2021-07-07,2021-07-07
80,2428,Put Your Head on My Shoulder,7.9,"Prapai, an accounting graduate who dreams of working for an advertising agency, has to live with Pupaa, a gifted physics student, and many funny stories happened between them. Spending time together, they gradually walk…",True,2021,20,New Thitipoom Techa-apaikhun ,"  Comedy,  Romance,  Youth,  Drama  ",  Not Yet Rated ,"  Smart Male Lead, Cohabitation, Nice Female Lead, Calm Male Lead, Nice Male Lead, Hardworking Female Lead, University, Male Chases Female First, Multiple Couples, Idol Actor   ",1812,2021-09-26,2021-09-26
81,2446,Dark Blue Kiss,7.9,"The continuation of Kao, Pete, Sun, and Mork's story. While Kao and Pete's relationship has grown stronger, they are still hiding it from most. Kao is closeted from his mother, and the fear of her finding him out looms…",True,2019,12,Tay Tawan Vihokratana ,"  Comedy,  Romance,  Youth  ",  13+ - Teens 13 or older ,"  LGBTQ+, Possessive Male Lead, Jealousy, Multiple Couples, Secret Relationship, Hardworking Male Lead, Misunderstanding, Aggressive Male Lead, Clingy Male Lead, Love Triangle   ",20245,2019-10-12,2019-10-12
82,2450,55:15 Never Too Late,7.9,"How many of us remember what our dreams were when we were children? What our hopes and aspirations were? How many of us grew up and realized that all the wonderous, innocent dreams that we had were probably not going…",True,2021,16,Nanon Korapat Kirdpan ,"  Drama,  Sci-Fi,  Fantasy  ",  13+ - Teens 13 or older ,"  Multiple Mains, High School, Second Chance, LGBTQ+, Cancer, Becoming Young, Transformation, Student Supporting Character, Student Female Lead, Student Male Lead   ",1571,2021-12-06,2021-12-06
83,2483,Tunnel,7.9,A detective jumps to 30 years into future while chasing a killer through a tunnel. The murders which stopped 30 years ago are going to start again. Can the detective find the killer and return to his original time or…,False,2019,16,Top Todsapol Maisuk ,"  Thriller,  Mystery,  Psychological,  Sci-Fi  ",  Not Yet Rated ,"  Time Travel, Investigation, Suspense, Nice Male Lead, MDL Remake, Detective Fiction, Detective Male Lead, Serial Killings, Death, Murder   ",215,2019-09-09,2019-09-09
84,2491,Nee Ruk Nai Krong Fai,7.9,"On her seventh birthday, Chalita's entire family was killed. Kawin/Kevin was given the option to slay three people in order to protect one. His guilt drove him to distance himself from her. In her youth, Chalita is adopted…",True,2019,18,Alek Teeradetch Metawarayut ,"  Action,  Romance,  Drama  ",  Not Yet Rated ,"  Mafia, Bisexual Character, Childhood Friends' Relationship, Protective Male Lead, Male Lead Saves Female Lead, LGBTQ+, Multiple Couples, Nice Male Lead, Adapted From A Novel, Friendship   ",474,2019-06-15,2019-06-15
85,2531,Flash Marriage,7.9,"After a one-night stand with Pokpong, a male dancer Lalin meets at her friend's bachelorette party, Lalin decides to hire him. The job is simple; Pokpong is to marry Lalin for a few months so she can prove to her family…",True,2022,17,Tono Phakin Khamwilaisak ,"  Comedy,  Romance  ",  Not Yet Rated ,"  Contract Relationship, Hidden Identity, Protective Male Lead, Fake Relationship, Family Feud, Attempted Murder, Disapproving Parent, Scheme, Fake Marriage, One-night Stand   ",799,2022-08-02,2022-08-02
86,2540,You Are My Heartbeat,7.9,"Sira is a hardworking businessman who really hates dirt and lies but has to deal with Keetika, a tricky designer who doesn't have a very good relationship with her mother, Parin, because she left her father for Papop,…",True,2022,20,Mai Davika Hoorne ,"  Business,  Romance,  Drama  ",  13+ - Teens 13 or older ,"  Cohabitation, Bickering Mains' Relationship, Workplace Setting, Adapted From A Web Novel, Businessman Male Lead, Fashion Industry, Plagiarism, Family Conflict, Workplace Romance, Secondary Couple   ",920,2022-03-02,2022-03-02
87,2566,3 Will Be Free,7.9,"Neo is a stripper who is running away from the loan shark Thana and his gang, after having an affair with Thana's wife Vanika. One day, the criminals find him in the bar where he works. In attempting to escape, he ends…",True,2019,10,Mild Lapassalan Jiravechsoontornkul ,"  Action,  Thriller,  Romance  ",  18+ Restricted (violence & profanity) ,"  Strong Female Lead, Threesome, Bisexual Male Lead, Revenge, Murder, LGBTQ+, Violence, Death, Transgender Supporting Character, Polyamory   ",7402,2019-08-09,2019-08-09
88,2588,Girl Next Room: Richy Rich,7.9,"Duchess, also known as Daeng Lek, is a newly rich university student and is given to ostentatiousness. She seeks approval from the exclusive parts of society from which she was barred when she was poor. She happens to…",True,2020,5,Mild Lapassalan Jiravechsoontornkul ,"  Comedy,  Romance,  Youth,  Drama  ",  G - All Ages ,"  Rags To Riches, Love/Hate Relationship, Naive Female Lead, Male Chases Female First, Playful Male Lead, Rich Female Lead, Hidden Identity, Miniseries, Adapted From A Novel, Love Triangle   ",1613,2020-05-17,2020-05-17
89,2613,Theory of Love,7.9,"Third is a filmology major and a member of the Savage Team along with his best friends Two, Bone, and Khai, but he has a secret. Third has been secretly in love with Khai for years. For three years, he has kept his love…",True,2019,12,Off Jumpol Adulkittiporn ,"  Comedy,  Romance,  Youth,  Drama  ",  15+ - Teens 15 or older ,"  Gay Romance, Heartbreak, Adapted From A Novel, Unrequited Love, LGBTQ+, Crybaby Male Lead, Playboy Male Lead, Secret Crush, Bisexual Male Lead, Inner Monologue   ",30240,2019-06-01,2019-06-01
90,2618,Piang Chai Khon Nee Mai Chai Poo Wised,7.9,"Sattawat is a doctor whose mother has a gambling addiction, and Anusaniya's family owns a wealthy company. Sattawat's mother owes a lot of money to Anusaniya's company and in order to erase the debt, Sattawat's mother…",True,2016,15,James Ma ,"  Romance,  Drama  ",  Not Yet Rated ,"  Male Chases Female First, Adapted From A Novel, Rich Woman/Poor Man, Nice Male Lead, Spoiled Female Lead, Sweet Male Lead, Doctor Male Lead, Supportive Male Lead, Uncle-Niece Relationship, Secondary Couple   ",1538,2016-04-21,2016-04-21
91,2649,My Lovely Bodyguard,7.9,"Saraphi, a jobless stuntwoman, accidentally becomes the bodyguard of Thewan and his nephew due to her incredible martial arts skills. As Saraphi and Thewan learn to work together to protect his nephew from those out…",True,2022,12,Vill Wannarot Sonthichai ,"  Action,  Mystery,  Romance,  Drama  ",  Not Yet Rated ,"  Greed, Bodyguard Female Lead, Rich Male Lead, Attempted Murder, Uncle-Nephew Relationship, Murder, Stuntwoman Female Lead, Gun Violence, Death, Death Of A Sister   ",516,2022-05-02,2022-05-02
92,2658,Jark Sadtroo Soo Hua Jai,7.9,"Jett is a handsome man forced to become a hired gunman because of his dark past and problems. And one day, he is hired to kill a woman. It was suppose to be a simple job, however, it is complicated by the fact that his…",True,2020,19,Aum Patchrapa Chaichua ,"  Action,  Romance,  Drama  ",  15+ - Teens 15 or older ,"  Spoiled Female Lead, Forced Kiss, Love/Hate Relationship, Rich Female Lead, Skilled Killer, Steamy Kiss, Male Chases Female First, Slap And Kiss, Cold Female Lead, Warm Man/Cold Woman   ",488,2020-10-30,2020-10-30
93,2669,Khun Chai Phutthiphat,7.9,"Khun Chai Phutthiphat is a young doctor who has no time for love. Despite the fact that his grandmothers are trying to matchmake him to the second Thewaphrom daughter Maratee, his younger brothers are interested to find…",True,2013,10,James Jirayu Tangsrisuk ,"  Action,  Historical,  Romance,  Drama  ",  Not Yet Rated ,"  Rich Man/Poor Woman, Adapted From A Novel, Forbidden Love, Love At First Sight, Male Chases Female First, Family Pressure, Character Development, Rich Male Lead, Love Triangle, Concubinage   ",1080,2013-05-03,2013-05-03
94,2670,U-Prince: The Badly Politics,7.9,"Cherrymilk, a young fashion lover, is forced to study Political Science by an order from her father. During a class, her teacher asked her to do a project but ended up being punished by her father. To survive, she looks…",True,2017,4,Lee Thanat Lowkhunsombat ,"  Comedy,  Romance,  Youth,  Drama  ",  G - All Ages ,"  Royalty, Hidden Identity, Male Chases Female First, Adapted From A Novel, Student Supporting Character, Student Female Lead, Student Male Lead, School Setting, Bickering Mains' Relationship, Fashion Designer Female Lead   ",2372,2017-05-07,2017-05-07
95,2693,180 Degree Longitude Passes Through Us,7.9,"Sasiwimol is an extremely successful director. She has a close, friend-like relationship with her teenage son Wang. What will she do when Wang experiences his first love with Inthawut, her old friend? Love, relationships,…",True,2022,8,Pond Ponlawit Ketprapakorn ,"  Romance,  Drama,  Melodrama  ",  13+ - Teens 13 or older ,"  Age Gap [Drama Life], Mother-Son Relationship, Gay Romance, Older Man/Younger Man, Inner Monologue, LGBTQ+, Age Gap [Real Life], Miniseries, Gay Male Lead, Death Of A Father   ",4784,2022-08-14,2022-08-14
96,2757,Blackout,7.9,"After a night of partying, a group of young adults wake up in a mysterious bar. One of their friends is hurt. What are they not remembering and why can't they leave?

(Source: TVDb)",False,2021,8,Praew Narupornkamol Chaisang ,"  Thriller,  Mystery,  Drama  ",  Not Yet Rated ,"  Filmed Vertically, Miniseries, Investigation, Suspense, Strong Female Lead, Aggressive Male Lead, Rich Male Lead, Birthday Party, Hatred, Amnesia   ",359,2021-02-01,2021-02-01
97,2761,Payakorn Sorn Ruk,7.9,"Rosita gets into a car accident and suddenly gets a talent where she sees the future when she touches a rose. She becomes a famous fortune teller. One day, she makes a prediction in public to reporters that Theeruth,…",True,2020,13,James Jirayu Tangsrisuk ,"  Mystery,  Comedy,  Romance,  Crime  ",  G - All Ages ,"  Precognition, Male Lead Saves Female Lead, Fate, Investigation, Famous Male Lead, Nice Male Lead, Adapted From A Novel, Cohabitation, Gun Violence, Attempted Murder   ",958,2020-06-15,2020-06-15
98,2789,The Cupids Series: Kammathep Sorn Kol,7.9,"Milin is an accountant who economizes. She signs a contract with seven other girls at the Cupid Hut that she will have to find a boyfriend in one year. She's always waiting for Mr. Right, but that going to change when…",True,2017,7,Nychaa Nuttanicha Dungwattanawanich ,"  Romance,  Drama  ",  Not Yet Rated ,"  Accountant Female Lead, Violence Against Women, Flashback To Past, Orphan Female Lead, Weak Female Lead, Poor Female Lead, Debt, Miniseries, Death, Male Chases Female First   ",581,2017-06-03,2017-06-03
99,2813,The Miracle of Teddy Bear,7.9,"Taohu is a giant white teddy bear and has been Nut's object of comfort for ten years. However, he isn’t an ordinary teddy bear, he has the ability to communicate with other objects and items in the house. One day,…",True,2022,16,Inn Sarin Ronnakiat ,"  Mystery,  Romance,  Drama,  Fantasy  ",  13+ - Teens 13 or older ,"  Gay Romance, LGBTQ+, Mother-Son Relationship, Homophobia, Magical Object, Father-Son Relationship, Investigation, Coming Out, Cohabitation, Adapted From A Novel   ",4270,2022-03-27,2022-03-27
